<?xml version="1.0" encoding="UTF-8"?>
<?xml-stylesheet href="concurso.xsl" type="text/xsl"?>
<!DOCTYPE concurso>
<concurso>
    <participante codigo="CA01">
        <nombre>Juan</nombre>
        <apellidos>Pérez Gómez</apellidos>
        <edad>32</edad>
        <provincia>Sevilla</provincia>
        <puntos>25</puntos>
    </participante>
    <participante codigo="CE02">
        <nombre>María</nombre>
        <apellidos>González Fernández</apellidos>
        <edad>25</edad>
        <provincia>Sevilla</provincia>
        <puntos>20</puntos>
    </participante>
    <participante codigo="AB02">
        <nombre>Manuel</nombre>
        <apellidos>Ruiz Gómez</apellidos>
        <edad>19</edad>
        <provincia>Cádiz</provincia>
        <puntos>25</puntos>
    </participante>
    <participante codigo="CE03">
        <nombre>Manuel</nombre>
        <apellidos>Sanabria Fernández</apellidos>
        <edad>35</edad>
        <provincia>Madrid</provincia>
        <puntos>10</puntos>
    </participante>
    <participante codigo="BE03">
        <nombre>Antonio</nombre>
        <apellidos>Rodríguez Pérez</apellidos>
        <edad>47</edad>
        <provincia>Sevilla</provincia>
        <puntos>22</puntos>
    </participante>
    <participante codigo="AF04">
        <nombre>Carmen</nombre>
        <apellidos>Martínez Sánchez</apellidos>
        <edad>55</edad>
        <provincia>Málaga</provincia>
        <puntos>18</puntos>
    </participante>
    <participante codigo="BD05">
        <nombre>Manuel</nombre>
        <apellidos>García Moreno</apellidos>
        <edad>32</edad>
        <provincia>Sevilla</provincia>
        <puntos>19</puntos>
    </participante>
    <participante codigo="XE01">
        <nombre>Marta</nombre>
        <apellidos>González Torres</apellidos>
        <edad>32</edad>
        <provincia>Madrid</provincia>
        <puntos>18</puntos>
    </participante>
    <participante codigo="BE12">
        <nombre>David</nombre>
        <apellidos>Ruiz García</apellidos>
        <edad>26</edad>
        <provincia>Barcelona</provincia>
        <puntos>15</puntos>
    </participante>
    <participante codigo="DA04">
        <nombre>Lucía</nombre>
        <apellidos>Fernández Sánchez</apellidos>
        <edad>39</edad>
        <provincia>Valencia</provincia>
        <puntos>12</puntos>
    </participante>
    <participante codigo="FR22">
        <nombre>Carlos</nombre>
        <apellidos>Gómez Martínez</apellidos>
        <edad>45</edad>
        <provincia>Sevilla</provincia>
        <puntos>27</puntos>
    </participante>
    <participante codigo="NB44">
        <nombre>María</nombre>
        <apellidos>Martínez Pérez</apellidos>
        <edad>29</edad>
        <provincia>Madrid</provincia>
        <puntos>14</puntos>
    </participante>
    <participante codigo="PL92">
        <nombre>Juan</nombre>
        <apellidos>Rodríguez Sánchez</apellidos>
        <edad>42</edad>
        <provincia>Barcelona</provincia>
        <puntos>16</puntos>
    </participante>
    <participante codigo="EE11">
        <nombre>Andrea</nombre>
        <apellidos>García Martín</apellidos>
        <edad>36</edad>
        <provincia>Valencia</provincia>
        <puntos>10</puntos>
    </participante>
    <participante codigo="KI43">
        <nombre>Pablo</nombre>
        <apellidos>Ruiz López</apellidos>
        <edad>30</edad>
        <provincia>Sevilla</provincia>
        <puntos>19</puntos>
    </participante>
    <participante codigo="PP99">
        <nombre>Laura</nombre>
        <apellidos>Gómez García</apellidos>
        <edad>28</edad>
        <provincia>Madrid</provincia>
        <puntos>13</puntos>
    </participante>
    <participante codigo="VA21">
        <nombre>Sergio</nombre>
        <apellidos>Jiménez Fernández</apellidos>
        <edad>33</edad>
        <provincia>Barcelona</provincia>
        <puntos>17</puntos>
    </participante>
    <participante codigo="AA12">
        <nombre>Luis</nombre>
        <apellidos>Martínez Sánchez</apellidos>
        <edad>28</edad>
        <provincia>Alicante</provincia>
        <puntos>16</puntos>
    </participante>
    <participante codigo="BC45">
        <nombre>Ana</nombre>
        <apellidos>Rodríguez Gómez</apellidos>
        <edad>35</edad>
        <provincia>Barcelona</provincia>
        <puntos>19</puntos>
    </participante>
    <participante codigo="DE78">
        <nombre>Manuel</nombre>
        <apellidos>García López</apellidos>
        <edad>58</edad>
        <provincia>Madrid</provincia>
        <puntos>12</puntos>
    </participante>
    <participante codigo="FG90">
        <nombre>Jorge</nombre>
        <apellidos>Ruiz García</apellidos>
        <edad>27</edad>
        <provincia>Granada</provincia>
        <puntos>15</puntos>
    </participante>
    <participante codigo="HI34">
        <nombre>María</nombre>
        <apellidos>Sánchez Pérez</apellidos>
        <edad>29</edad>
        <provincia>Huelva</provincia>
        <puntos>17</puntos>
    </participante>
    <participante codigo="KL56">
        <nombre>Carmen</nombre>
        <apellidos>Fernández Ruiz</apellidos>
        <edad>34</edad>
        <provincia>Cádiz</provincia>
        <puntos>14</puntos>
    </participante>
    <participante codigo="MN78">
        <nombre>Antonio</nombre>
        <apellidos>Martínez García</apellidos>
        <edad>45</edad>
        <provincia>Sevilla</provincia>
        <puntos>18</puntos>
    </participante>
    <participante codigo="OP90">
        <nombre>Lucía</nombre>
        <apellidos>Gómez Sánchez</apellidos>
        <edad>31</edad>
        <provincia>Alicante</provincia>
        <puntos>13</puntos>
    </participante>
    <participante codigo="QR12">
        <nombre>Francisco</nombre>
        <apellidos>Rodríguez García</apellidos>
        <edad>57</edad>
        <provincia>Córdoba</provincia>
        <puntos>21</puntos>
    </participante>
    <participante codigo="ST34">
        <nombre>Isabel</nombre>
        <apellidos>García Sánchez</apellidos>
        <edad>26</edad>
        <provincia>Sevilla</provincia>
        <puntos>11</puntos>
    </participante>
</concurso>