<?xml version="1.0" encoding="UTF-8"?>
<project-private xmlns="http://www.netbeans.org/ns/project-private/1">
    <editor-bookmarks xmlns="http://www.netbeans.org/ns/editor-bookmarks/2" lastBookmarkId="0"/>
    <open-files xmlns="http://www.netbeans.org/ns/projectui-open-files/2">
        <group>
            <file>file:/C:/Users/1DAM/Desktop/1DAM/Lengmarca/3º%20trimestre/4º%20Entrega%20en%20equipo/Entrega%20en%20equipo/public_html/bandejaEntrada.xml</file>
            <file>file:/C:/Users/1DAM/Desktop/1DAM/Lengmarca/3º%20trimestre/4º%20Entrega%20en%20equipo/Entrega%20en%20equipo/public_html/bandejaEntradaDos.xml</file>
            <file>file:/C:/Users/1DAM/Desktop/1DAM/Lengmarca/3º%20trimestre/4º%20Entrega%20en%20equipo/Entrega%20en%20equipo/public_html/ActividadesCorregir.xml</file>
            <file>file:/C:/Users/1DAM/Desktop/1DAM/Lengmarca/3º%20trimestre/4º%20Entrega%20en%20equipo/Entrega%20en%20equipo/public_html/Agenda.xml</file>
        </group>
    </open-files>
</project-private>
