<!-- Realiza los siguientes ejercicios sobre el lenguaje de marcas XML. -->
<!-- Corrige el siguiente documento XML para que esté bien formado, explica por qué estaba mal formado, qué regla del XML estaba incumpliendo: -->

<?xml version="1.0" encoding="UTF-8"?>
<deportistas>
  <deportista>
      <!-- deporte tenia el deporte como atributo -->
      <deporte>Atletismo </deporte>
    <nombre>Jesse Owens</nombre>
    <!-- Faltaba cerrar deportista -->
    </deportista>
  <deportista>
      <deporte> Natación</deporte>
    <nombre>Mark Spitz</nombre>
  </deportista>
</deportistas>

<!-- Corrige el siguiente documento XML para que esté bien formado,qué regla del XML estaba incumpliendo:: -->
<?xml version="1.0" encoding="UTF-8"?>
<pelicula>
  <titulo>Con faldas y a lo loco</titulo>
  <director>Billy Wilder</director>
</pelicula>
<pelicula>
  <director>Leo McCarey</director>
  <titulo>Sopa de ganso</titulo>
</pelicula>
<!-- autor estaba mal abierto-->
<autor>barto</autor>

<!--Corrige el siguiente documento XML para que esté bien formado,qué regla del XML estaba incumpliendo:-->
<?xml version="1.0" encoding="UTF-8"?>
<texto>
    <!-- titulo estaba abierto con minuscula y cerrado con mayuscula -->
  <titulo>XML explicado a los niños</titulo>
  <!-- parrafo tenia tilde -->
  <parrafo>El <abreviatura>XML</abreviatura>define cómo crear
  lenguajes de marcas.</parrafo>
  <parrafo>Las marcas se añaden a un documento de texto
  para añadir información.</parrafo>
  <!-- http tenia dos puntos y las etiquetas estaban mal -->
  <http>www.example.org</http>
</texto>
<!--Corrige el siguiente documento XML para que esté bien formado:-->
<?xml version="1.0" encoding="UTF-8"?>
<!-- geografia mundial estaba separado, una etiqueta debe tener una palabra-->
<geografia_mundial>
  <pais>
    <pais>España</pais>
    <continente>Europa</continente>
    <!-- Nombre madrid estaba fuera de su etiqueta-->
    <capital>Madrid</capital>
  </pais>
</geografia_mundial>


<!-- Corrige el siguiente documento XML para que esté bien formado,qué regla del XML estaba incumpliendo:-->
<?xml version="1.0" encoding="UTF-8"?>
<programas>
  <programa nombre="Firefox" licencia="GPL" licencia="MPL" />
  <!-- le faltan las comillas a LGPL-->
  <programa nombre="OpenOffice.org" licencia="LGPL" />
  <programa nombre="Inkscape" licencia="GPL" />
</programas>

<!-- Corrige el siguiente documento XML para que esté bien formado,qué regla del XML estaba incumpliendo::-->
<?xml version="1.0" encoding="UTF-8"?>
<mundiales-de-futbol>
  <mundial>
      <!-- la etiqueta pais no estaba cerrada y el año no tenia etiqueta -->
    <pais>España </pais>
    <año> 1982</año>
  </mundial>
</mundiales-de-futbol>


<!--Corrige el siguiente documento XML para que esté bien formado, qué regla del XML estaba incumpliendo:-->
<?xml version="1.0" encoding="UTF-8"?>
<!--falta cerrar las etiquetas y medios de transporte tiene letras en mayuscula-->
<mediosdetransporte>
  <bicicleta>
      <velocidad>100km/h</velocidad>
  </bicicleta>
  <patinete> 
      <velocidad_maxima>50 km/h</velocidad_maxima>  
  </patinete>
</mediosdetransporte>

<!--Crea un documento XML bien formado que almacene una agenda en la que cada contacto tenga un nombre sólo, y un número aleatorio de emails y teléfonos.-->
<!--Crea un documento XML bien formado que almacene la bandeja de entrada de un programa de correo electrónico, en el que cada correo posea la siguiente información: remitente, destinatario, asunto y cuerpo.-->
<!--Crea un documento XML bien formado que almacene la bandeja de entrada de un programa de correo electrónico, en el que cada correo posea la siguiente información: remitente (con nombre e email), destinatario (con nombre e email), asunto y cuerpo (por párrafos).-->
